[{"title": "20th anniversary hat - OSRS Wiki", "Released": "6 January 2021 (Update)", "Members": "No", "Quest items": "No", "Items": "No", "Worn Equipment": "Yes", "Stackable items": "No", "Destroy": "You can get a replacement from Diango.", "Examine": "Celebrating the 20th Anniversary of Runescape!", "Value": "0 coins", "High Level Alchemy": "0 coins", "Low Level Alchemy": "0 coins", "Weight": "0.907 kg"}, {"title": "3rd age full helmet - OSRS Wiki", "Released": "5 December 2006 (Update)", "Members": "Yes", "Quest items": "No", "Items": "Yes", "Worn Equipment": "Yes", "Stackable items": "No", "Note": "Yes", "Destroy": "Drop", "Examine": "Fabulously ancient armour beaten from magical silver.", "Value": "90,000 coins", "High Level Alchemy": "54,000 coins", "Low Level Alchemy": "36,000 coins", "Weight": "0.907 kg", "RuneScape:Grand Exchange Market Watch": "19,227,711 coins (info)", "Grand Exchange": "56", "Twisted League": " Yes"}, {"title": "3rd age mage hat - OSRS Wiki", "Released": "5 December 2006 (Update)", "Members": "Yes", "Quest items": "No", "Items": "Yes", "Worn Equipment": "Yes", "Stackable items": "No", "Note": "Yes", "Destroy": "Drop", "Examine": "Fabulously ancient mage protection enchanted in the 3rd Age.", "Value": "50,400 coins", "High Level Alchemy": "30,240 coins", "Low Level Alchemy": "20,160 coins", "Weight": "0.4 kg", "RuneScape:Grand Exchange Market Watch": "10,058,733 coins (info)", "Grand Exchange": "58", "Twisted League": " Yes"}, {"title": "3rd age range coif - OSRS Wiki", "Released": "5 December 2006 (Update)", "Members": "Yes", "Quest items": "No", "Items": "Yes", "Worn Equipment": "Yes", "Stackable items": "No", "Note": "Yes", "Destroy": "Drop", "Examine": "Fabulously ancient range protection crafted from white dragonhide.", "Value": "50,400 coins", "High Level Alchemy": "30,240 coins", "Low Level Alchemy": "20,160 coins", "Weight": "1 kg", "RuneScape:Grand Exchange Market Watch": "5,892,092 coins (info)", "Grand Exchange": "39", "Twisted League": " Yes"}, {"title": "4th birthday hat - OSRS Wiki", "Released": "16 February 2017 (Update)", "Members": "No", "Quest items": "No", "Items": "No", "Worn Equipment": "Yes", "Stackable items": "No", "Destroy": "You can get a replacement from Diango.", "Examine": "A celebration of 4 great years.", "Value": "0 coins", "High Level Alchemy": "0 coins", "Low Level Alchemy": "0 coins", "Weight": "1 kg"}, {"title": "20th anniversary cape - OSRS Wiki", "Released": "6 January 2021 (Update)", "Members": "No", "Quest items": "No", "Items": "No", "Worn Equipment": "Yes", "Stackable items": "No", "Destroy": "You can get a replacement from Diango.", "Examine": "Celebrating the 20th Anniversary of Runescape!", "Value": "0 coins", "High Level Alchemy": "0 coins", "Low Level Alchemy": "0 coins", "Weight": "0.453 kg"}, {"title": "3rd age cloak - OSRS Wiki", "Released": "12 June 2014 (Update)", "Members": "Yes", "Quest items": "No", "Items": "Yes", "Worn Equipment": "Yes", "Stackable items": "No", "Note": "Yes", "Destroy": "Drop", "Examine": "A beautiful cloak woven by ancient tailors.", "Value": "85,000 coins", "High Level Alchemy": "51,000 coins", "Low Level Alchemy": "34,000 coins", "Weight": "0.005 kg", "RuneScape:Grand Exchange Market Watch": "197,723,175 coins (info)", "Grand Exchange": "3", "Twisted League": " Yes"}, {"title": "3rd age druidic cloak - OSRS Wiki", "Released": "11 April 2019 (Update)", "Members": "Yes", "Quest items": "No", "Items": "Yes", "Worn Equipment": "Yes", "Stackable items": "No", "Note": "Yes", "Destroy": "Drop", "Examine": "A fabulously ancient vine cloak as worn by the druids of old.", "Value": "200,000 coins", "High Level Alchemy": "120,000 coins", "Low Level Alchemy": "80,000 coins", "Weight": "0.4 kg", "RuneScape:Grand Exchange Market Watch": "675,565,553 coins (info)", "Grand Exchange": "3", "Twisted League": " Yes"}, {"title": "Accumulator max cape - OSRS Wiki", "Released": "19 November 2015 (Update)", "Members": "Yes", "Quest items": "No", "Items": "No", "Worn Equipment": "Yes", "Stackable items": "No", "Destroy": "Drop", "Examine": "The cape worn by only the most experienced players.", "Value": "99,000 coins", "Alchemy": "Not alchemisable", "Weight": "0.453 kg"}, {"title": "Achievement diary cape - OSRS Wiki", "Released": "6 May 2016 (Update)", "Members": "Yes", "Quest items": "No", "Items": "No", "Worn Equipment": "Yes", "Stackable items": "No", "Destroy": "Drop", "Examine": "The cape worn by experienced adventurers.", "Value": "99,000 coins", "High Level Alchemy": "59,400 coins", "Low Level Alchemy": "39,600 coins", "Weight": "0.453 kg"}, {"title": "10th squad sigil - OSRS Wiki", "Released": "6 December 2004 (Update)", "Members": "Yes", "Quest items": "Monkey Madness I", "Items": "No", "Worn Equipment": "Yes", "Stackable items": "No", "Destroy": "Drop", "Examine": "It's the official sigil of the 10th squad of the Royal Guard.", "Value": "1 coin", "High Level Alchemy": "0 coins", "Low Level Alchemy": "0 coins", "Weight": "0.085 kg"}, {"title": "20th anniversary necklace - OSRS Wiki", "Released": "6 January 2021 (Update)", "Members": "No", "Quest items": "No", "Items": "No", "Worn Equipment": "Yes", "Stackable items": "No", "Destroy": "You can get a replacement from Diango.", "Examine": "Celebrating the 20th Anniversary of Runescape!", "Value": "0 coins", "High Level Alchemy": "0 coins", "Low Level Alchemy": "0 coins", "Weight": "0.141 kg"}, {"title": "3rd age amulet - OSRS Wiki", "Released": "5 December 2006 (Update)", "Members": "Yes", "Quest items": "No", "Items": "Yes", "Worn Equipment": "Yes", "Stackable items": "No", "Note": "Yes", "Destroy": "Drop", "Examine": "Fabulously ancient mage protection enchanted in the 3rd Age.", "Value": "50,500 coins", "High Level Alchemy": "30,300 coins", "Low Level Alchemy": "20,200 coins", "Weight": "0.003 kg", "RuneScape:Grand Exchange Market Watch": "20,176,082 coins (info)", "Grand Exchange": "29", "Twisted League": " Yes"}, {"title": "Amulet of accuracy - OSRS Wiki", "Released": "16 February 2001 (Update)", "Members": "No", "Quest items": "Imp Catcher", "Items": "Yes", "Worn Equipment": "Yes", "Stackable items": "No", "Note": "Yes", "Destroy": "Drop", "Examine": "It increases my aim.", "Value": "100 coins", "High Level Alchemy": "60 coins", "Low Level Alchemy": "40 coins", "Weight": "0.01 kg", "RuneScape:Grand Exchange Market Watch": "806 coins (info)", "Grand Exchange": "632"}, {"title": "Amulet of avarice - OSRS Wiki", "Released": "26 July 2018 (Update)", "Members": "Yes", "Quest items": "No", "Items": "Yes", "Worn Equipment": "Yes", "Stackable items": "No", "Note": "Yes", "Destroy": "Drop", "Examine": "A hauntingly beautiful amulet bearing the shape of a skull.", "Value": "45,000 coins", "High Level Alchemy": "27,000 coins", "Low Level Alchemy": "18,000 coins", "Weight": "0.01 kg", "RuneScape:Grand Exchange Market Watch": "200,229 coins (info)", "Grand Exchange": "209"}, {"title": "Adamant arrow - OSRS Wiki", "Released": "25 March 2002 (Update)", "Members": "No", "Quest items": "No", "Items": "Yes", "Worn Equipment": "Yes", "Stackable items": "Yes", "Destroy": "Drop", "Examine": "Arrows with adamant heads.", "Value": "80 coins", "High Level Alchemy": "48 coins", "Low Level Alchemy": "32 coins", "Weight": "0 kg", "RuneScape:Grand Exchange Market Watch": "29 coins (info)", "Grand Exchange": "5,602,724", "Twisted League": " Yes"}, {"title": "Adamant arrow - OSRS Wiki", "Released": "25 March 2002 (Update)", "Members": "No", "Quest items": "No", "Items": "Yes", "Worn Equipment": "Yes", "Stackable items": "Yes", "Destroy": "Drop", "Examine": "Arrows with adamant heads.", "Value": "80 coins", "High Level Alchemy": "48 coins", "Low Level Alchemy": "32 coins", "Weight": "0 kg", "RuneScape:Grand Exchange Market Watch": "29 coins (info)", "Grand Exchange": "5,602,724", "Twisted League": " Yes"}, {"title": "Adamant arrow - OSRS Wiki", "Released": "25 March 2002 (Update)", "Members": "No", "Quest items": "No", "Items": "Yes", "Worn Equipment": "Yes", "Stackable items": "Yes", "Destroy": "Drop", "Examine": "Arrows with adamant heads.", "Value": "80 coins", "High Level Alchemy": "48 coins", "Low Level Alchemy": "32 coins", "Weight": "0 kg", "RuneScape:Grand Exchange Market Watch": "29 coins (info)", "Grand Exchange": "5,602,724", "Twisted League": " Yes"}, {"title": "Adamant arrow - OSRS Wiki", "Released": "25 March 2002 (Update)", "Members": "No", "Quest items": "No", "Items": "Yes", "Worn Equipment": "Yes", "Stackable items": "Yes", "Destroy": "Drop", "Examine": "Arrows with adamant heads.", "Value": "80 coins", "High Level Alchemy": "48 coins", "Low Level Alchemy": "32 coins", "Weight": "0 kg", "RuneScape:Grand Exchange Market Watch": "29 coins (info)", "Grand Exchange": "5,602,724", "Twisted League": " Yes"}, {"title": "Adamant bolts - OSRS Wiki", "Released": "31 July 2006 (Update)", "Members": "Yes", "Quest items": "No", "Items": "Yes", "Worn Equipment": "Yes", "Stackable items": "Yes", "Destroy": "Drop", "Examine": "Adamantite crossbow bolts.", "Value": "58 coins", "High Level Alchemy": "34 coins", "Low Level Alchemy": "23 coins", "Weight": "0 kg", "RuneScape:Grand Exchange Market Watch": "127 coins (info)", "Grand Exchange": "3,422,595", "Twisted League": " Yes"}, {"title": "'24-carat' sword - OSRS Wiki", "Released": "2 April 2020 (Update)", "Members": "No", "Quest items": "No", "Items": "No", "Worn Equipment": "Yes", "Stackable items": "No", "Destroy": "You can get a replacement from Diango.", "Examine": "A carrot sword painted gold!", "Value": "1 coin", "High Level Alchemy": "0 coins", "Low Level Alchemy": "0 coins", "Weight": "0.453 kg"}, {"title": "3rd age axe - OSRS Wiki", "Released": "6 July 2016 (Update)", "Members": "Yes", "Quest items": "No", "Items": "Yes", "Worn Equipment": "Yes", "Stackable items": "No", "Note": "Yes", "Destroy": "Drop", "Examine": "A beautifully crafted axe, shaped by ancient smiths.", "Value": "55,000 coins", "High Level Alchemy": "33,000 coins", "Low Level Alchemy": "22,000 coins", "Weight": "1.36 kg", "RuneScape:Grand Exchange Market Watch": "292,848,662 coins (info)", "Grand Exchange": "10", "Twisted League": " Yes"}, {"title": "3rd age druidic staff - OSRS Wiki", "Released": "11 April 2019 (Update)", "Members": "Yes", "Quest items": "No", "Items": "Yes", "Worn Equipment": "Yes", "Stackable items": "No", "Note": "Yes", "Destroy": "Drop", "Examine": "A fabulously ancient gnarled staff as used by the druids of old.", "Value": "200,000 coins", "High Level Alchemy": "120,000 coins", "Low Level Alchemy": "80,000 coins", "Weight": "2 kg", "RuneScape:Grand Exchange Market Watch": "354,621,447 coins (info)", "Grand Exchange": "12", "Twisted League": " Yes"}, {"title": "3rd age longsword - OSRS Wiki", "Released": "12 June 2014 (Update)", "Members": "Yes", "Quest items": "No", "Items": "Yes", "Worn Equipment": "Yes", "Stackable items": "No", "Note": "Yes", "Destroy": "Drop", "Examine": "A beautifully crafted sword forged by ancient blacksmiths.", "Value": "150,000 coins", "High Level Alchemy": "90,000 coins", "Low Level Alchemy": "60,000 coins", "Weight": "1 kg", "RuneScape:Grand Exchange Market Watch": "527,714,007 coins (info)", "Grand Exchange": "7", "Twisted League": " Yes"}, {"title": "3rd age pickaxe - OSRS Wiki", "Released": "6 July 2016 (Update)", "Members": "Yes", "Quest items": "No", "Items": "Yes", "Worn Equipment": "Yes", "Stackable items": "No", "Note": "Yes", "Destroy": "Drop", "Examine": "A beautifully crafted pickaxe, shaped by ancient smiths.", "Value": "97,950 coins", "High Level Alchemy": "58,770 coins", "Low Level Alchemy": "39,180 coins", "Weight": "2.4 kg", "RuneScape:Grand Exchange Market Watch": "1,960,660,840 coins (info)", "Grand Exchange": "5", "Twisted League": " Yes"}, {"title": "3rd age kiteshield - OSRS Wiki", "Released": "5 December 2006 (Update)", "Members": "Yes", "Quest items": "No", "Items": "Yes", "Worn Equipment": "Yes", "Stackable items": "No", "Note": "Yes", "Destroy": "Drop", "Examine": "Fabulously ancient armour beaten from magical silver.", "Value": "180,000 coins", "High Level Alchemy": "108,000 coins", "Low Level Alchemy": "72,000 coins", "Weight": "2.721 kg", "RuneScape:Grand Exchange Market Watch": "26,464,401 coins (info)", "Grand Exchange": "56", "Twisted League": " Yes"}, {"title": "A chair - OSRS Wiki", "Released": "26 July 2005 (Update)", "Members": "Yes", "Quest items": "Forgettable Tale...", "Items": "No", "Worn Equipment": "Yes", "Stackable items": "No", "Destroy": "Drop", "Examine": "For sitting on.", "Value": "1 coin", "High Level Alchemy": "0 coins", "Low Level Alchemy": "0 coins", "Weight": "0.001 kg"}, {"title": "Adamant defender - OSRS Wiki", "Released": "13 June 2006 (Update)", "Members": "Yes", "Quest items": "No", "Items": "No", "Worn Equipment": "Yes", "Stackable items": "No", "Destroy": "Drop", "Examine": "A defensive weapon.", "Value": "1 coin", "High Level Alchemy": "0 coins", "Low Level Alchemy": "0 coins", "Weight": "0.453 kg"}, {"title": "Adamant defender - OSRS Wiki", "Released": "13 June 2006 (Update)", "Members": "Yes", "Quest items": "No", "Items": "No", "Worn Equipment": "Yes", "Stackable items": "No", "Destroy": "Drop", "Examine": "A defensive weapon.", "Value": "1 coin", "High Level Alchemy": "0 coins", "Low Level Alchemy": "0 coins", "Weight": "0.453 kg"}, {"title": "Adamant defender - OSRS Wiki", "Released": "13 June 2006 (Update)", "Members": "Yes", "Quest items": "No", "Items": "No", "Worn Equipment": "Yes", "Stackable items": "No", "Destroy": "Drop", "Examine": "A defensive weapon.", "Value": "1 coin", "High Level Alchemy": "0 coins", "Low Level Alchemy": "0 coins", "Weight": "0.453 kg"}, {"title": "20th anniversary top - OSRS Wiki", "Released": "6 January 2021 (Update)", "Members": "No", "Quest items": "No", "Items": "No", "Worn Equipment": "Yes", "Stackable items": "No", "Destroy": "You can get a replacement from Diango.", "Examine": "Celebrating the 20th Anniversary of Runescape!", "Value": "0 coins", "High Level Alchemy": "0 coins", "Low Level Alchemy": "0 coins", "Weight": "0.907 kg"}, {"title": "3rd age druidic robe top - OSRS Wiki", "Released": "11 April 2019 (Update)", "Members": "Yes", "Quest items": "No", "Items": "Yes", "Worn Equipment": "Yes", "Stackable items": "No", "Note": "Yes", "Destroy": "Drop", "Examine": "A fabulously ancient woven robe top as worn by the druids of old.", "Value": "200,000 coins", "High Level Alchemy": "120,000 coins", "Low Level Alchemy": "80,000 coins", "Weight": "1.5 kg", "RuneScape:Grand Exchange Market Watch": "1,970,648,002 coins (info)", "Grand Exchange": "3", "Twisted League": " Yes"}, {"title": "3rd age platebody - OSRS Wiki", "Released": "5 December 2006 (Update)", "Members": "Yes", "Quest items": "No", "Items": "Yes", "Worn Equipment": "Yes", "Stackable items": "No", "Note": "Yes", "Destroy": "Drop", "Examine": "Fabulously ancient armour beaten from magical silver.", "Value": "200,000 coins", "High Level Alchemy": "120,000 coins", "Low Level Alchemy": "80,000 coins", "Weight": "9.979 kg", "RuneScape:Grand Exchange Market Watch": "85,047,746 coins (info)", "Grand Exchange": "99", "Twisted League": " Yes"}, {"title": "3rd age range top - OSRS Wiki", "Released": "5 December 2006 (Update)", "Members": "Yes", "Quest items": "No", "Items": "Yes", "Worn Equipment": "Yes", "Stackable items": "No", "Note": "Yes", "Destroy": "Drop", "Examine": "Fabulously ancient range protection crafted from white dragonhide.", "Value": "50,800 coins", "High Level Alchemy": "30,480 coins", "Low Level Alchemy": "20,320 coins", "Weight": "4 kg", "RuneScape:Grand Exchange Market Watch": "38,571,446 coins (info)", "Grand Exchange": "45", "Twisted League": " Yes"}, {"title": "3rd age robe top - OSRS Wiki", "Released": "5 December 2006 (Update)", "Members": "Yes", "Quest items": "No", "Items": "Yes", "Worn Equipment": "Yes", "Stackable items": "No", "Note": "Yes", "Destroy": "Drop", "Examine": "Fabulously ancient mage protection enchanted in the 3rd Age.", "Value": "50,800 coins", "High Level Alchemy": "30,480 coins", "Low Level Alchemy": "20,320 coins", "Weight": "2.7 kg", "RuneScape:Grand Exchange Market Watch": "56,759,472 coins (info)", "Grand Exchange": "57", "Twisted League": " Yes"}, {"title": "20th anniversary bottom - OSRS Wiki", "Released": "6 January 2021 (Update)", "Members": "No", "Quest items": "No", "Items": "No", "Worn Equipment": "Yes", "Stackable items": "No", "Destroy": "You can get a replacement from Diango.", "Examine": "Celebrating the 20th Anniversary of Runescape!", "Value": "? (edit)", "High Level Alchemy": "? (edit)", "Low Level Alchemy": "? (edit)", "Weight": "0.907 kg"}, {"title": "3rd age druidic robe bottoms - OSRS Wiki", "Released": "11 April 2019 (Update)", "Members": "Yes", "Quest items": "No", "Items": "Yes", "Worn Equipment": "Yes", "Stackable items": "No", "Note": "Yes", "Destroy": "Drop", "Examine": "A fabulously ancient woven robe as worn by the druids of old.", "Value": "200,000 coins", "High Level Alchemy": "120,000 coins", "Low Level Alchemy": "80,000 coins", "Weight": "1.5 kg", "RuneScape:Grand Exchange Market Watch": "1,730,808,586 coins (info)", "Grand Exchange": "1", "Twisted League": " Yes"}, {"title": "3rd age platelegs - OSRS Wiki", "Released": "5 December 2006 (Update)", "Members": "Yes", "Quest items": "No", "Items": "Yes", "Worn Equipment": "Yes", "Stackable items": "No", "Note": "Yes", "Destroy": "Drop", "Examine": "Fabulously ancient armour beaten from magical silver.", "Value": "200,000 coins", "High Level Alchemy": "120,000 coins", "Low Level Alchemy": "80,000 coins", "Weight": "2.721 kg", "RuneScape:Grand Exchange Market Watch": "63,021,742 coins (info)", "Grand Exchange": "84", "Twisted League": " Yes"}, {"title": "3rd age plateskirt - OSRS Wiki", "Released": "11 April 2019 (Update)", "Members": "Yes", "Quest items": "No", "Items": "Yes", "Worn Equipment": "Yes", "Stackable items": "No", "Note": "Yes", "Destroy": "Drop", "Examine": "Fabulously ancient armour beaten from magical silver.", "Value": "200,000 coins", "High Level Alchemy": "120,000 coins", "Low Level Alchemy": "80,000 coins", "Weight": "2.721 kg", "RuneScape:Grand Exchange Market Watch": "93,522,429 coins (info)", "Grand Exchange": "10", "Twisted League": " Yes"}, {"title": "3rd age range legs - OSRS Wiki", "Released": "5 December 2006 (Update)", "Members": "Yes", "Quest items": "No", "Items": "Yes", "Worn Equipment": "Yes", "Stackable items": "No", "Note": "Yes", "Destroy": "Drop", "Examine": "Fabulously ancient range protection crafted from white dragonhide.", "Value": "50,600 coins", "High Level Alchemy": "30,360 coins", "Low Level Alchemy": "20,240 coins", "Weight": "3 kg", "RuneScape:Grand Exchange Market Watch": "20,139,050 coins (info)", "Grand Exchange": "57", "Twisted League": " Yes"}, {"title": "20th anniversary gloves - OSRS Wiki", "Released": "6 January 2021 (Update)", "Members": "No", "Quest items": "No", "Items": "No", "Worn Equipment": "Yes", "Stackable items": "No", "Destroy": "You can get a replacement from Diango.", "Examine": "Celebrating the 20th Anniversary of Runescape!", "Value": "0 coins", "High Level Alchemy": "0 coins", "Low Level Alchemy": "0 coins", "Weight": "0.113 kg"}, {"title": "3rd age vambraces - OSRS Wiki", "Released": "5 December 2006 (Update)", "Members": "Yes", "Quest items": "No", "Items": "Yes", "Worn Equipment": "Yes", "Stackable items": "No", "Note": "Yes", "Destroy": "Drop", "Examine": "Fabulously ancient range protection crafted from white dragonhide.", "Value": "50,500 coins", "High Level Alchemy": "30,300 coins", "Low Level Alchemy": "20,200 coins", "Weight": "1 kg", "RuneScape:Grand Exchange Market Watch": "5,511,462 coins (info)", "Grand Exchange": "18", "Twisted League": " Yes"}, {"title": "Abyssal bracelet - OSRS Wiki", "Released": "30 April 2007 (Update)", "Members": "Yes", "Quest items": "No", "Items": "Yes", "Worn Equipment": "Yes", "Stackable items": "No", "Note": "Yes", "Destroy": "Drop", "Examine": "Makes using the Abyss just slightly safer.", "Value": "4,200 coins", "High Level Alchemy": "2,520 coins", "Low Level Alchemy": "1,680 coins", "Weight": "0.25 kg", "RuneScape:Grand Exchange Market Watch": "Not sold", "Grand Exchange": "-", "Twisted League": "No"}, {"title": "Abyssal bracelet - OSRS Wiki", "Released": "30 April 2007 (Update)", "Members": "Yes", "Quest items": "No", "Items": "Yes", "Worn Equipment": "Yes", "Stackable items": "No", "Note": "Yes", "Destroy": "Drop", "Examine": "Makes using the Abyss just slightly safer.", "Value": "4,200 coins", "High Level Alchemy": "2,520 coins", "Low Level Alchemy": "1,680 coins", "Weight": "0.25 kg", "RuneScape:Grand Exchange Market Watch": "Not sold", "Grand Exchange": "-", "Twisted League": "No"}, {"title": "Abyssal bracelet - OSRS Wiki", "Released": "30 April 2007 (Update)", "Members": "Yes", "Quest items": "No", "Items": "Yes", "Worn Equipment": "Yes", "Stackable items": "No", "Note": "Yes", "Destroy": "Drop", "Examine": "Makes using the Abyss just slightly safer.", "Value": "4,200 coins", "High Level Alchemy": "2,520 coins", "Low Level Alchemy": "1,680 coins", "Weight": "0.25 kg", "RuneScape:Grand Exchange Market Watch": "Not sold", "Grand Exchange": "-", "Twisted League": "No"}, {"title": "20th anniversary boots - OSRS Wiki", "Released": "6 January 2021 (Update)", "Members": "No", "Quest items": "No", "Items": "No", "Worn Equipment": "Yes", "Stackable items": "No", "Destroy": "You can get a replacement from Diango.", "Examine": "Celebrating the 20th Anniversary of Runescape!", "Value": "0 coins", "High Level Alchemy": "0 coins", "Low Level Alchemy": "0 coins", "Weight": "0.453 kg"}, {"title": "Adamant boots - OSRS Wiki", "Released": "26 January 2005 (Update)", "Members": "Yes", "Quest items": "No", "Items": "Yes", "Worn Equipment": "Yes", "Stackable items": "No", "Note": "Yes", "Destroy": "Drop", "Examine": "These will protect my feet.", "Value": "1,920 coins", "High Level Alchemy": "1,152 coins", "Low Level Alchemy": "768 coins", "Weight": "1.36 kg", "RuneScape:Grand Exchange Market Watch": "901 coins (info)", "Grand Exchange": "748"}, {"title": "Ancient d'hide boots - OSRS Wiki", "Released": "6 July 2016 (Update)", "Members": "Yes", "Quest items": "No", "Items": "Yes", "Worn Equipment": "Yes", "Stackable items": "No", "Note": "Yes", "Destroy": "Drop", "Examine": "Ancient blessed dragonhide boots.", "Value": "9,300 coins", "High Level Alchemy": "5,580 coins", "Low Level Alchemy": "3,720 coins", "Weight": "1.4 kg", "RuneScape:Grand Exchange Market Watch": "500,656 coins (info)", "Grand Exchange": "886", "Twisted League": " Yes"}, {"title": "Angler boots - OSRS Wiki", "Released": "17 September 2015 (Update)", "Members": "Yes", "Quest items": "No", "Items": "No", "Worn Equipment": "Yes", "Stackable items": "No", "Destroy": "Drop", "Examine": "Where's Welly?", "Value": "100 coins", "High Level Alchemy": "60 coins", "Low Level Alchemy": "40 coins", "Weight": "1 kg", "Twisted League": " Yes"}, {"title": "Ankou socks - OSRS Wiki", "Released": "6 July 2016 (Update)", "Members": "Yes", "Quest items": "No", "Items": "Yes", "Worn Equipment": "Yes", "Stackable items": "No", "Note": "Yes", "Destroy": "Drop", "Examine": "These socks will make your flesh transparent.", "Value": "1 coin", "High Level Alchemy": "0 coins", "Low Level Alchemy": "0 coins", "Weight": "0.5 kg", "RuneScape:Grand Exchange Market Watch": "2,399,070 coins (info)", "Grand Exchange": "46", "Twisted League": " Yes"}, {"title": "Archers ring - OSRS Wiki", "Released": "7 November 2005 (Update)", "Members": "Yes", "Quest items": "No", "Items": "Yes", "Worn Equipment": "Yes", "Stackable items": "No", "Note": "Yes", "Destroy": "Drop", "Examine": "A fabled ring that improves the wearer's skill with a bow...", "Value": "10,000 coins", "High Level Alchemy": "6,000 coins", "Low Level Alchemy": "4,000 coins", "Weight": "0.004 kg", "RuneScape:Grand Exchange Market Watch": "3,451,945 coins (info)", "Grand Exchange": "3,604"}, {"title": "Archers ring (i) - OSRS Wiki", "Released": "26 September 2013 (Update)", "Members": "Yes", "Quest items": "No", "Items": "No", "Worn Equipment": "Yes", "Stackable items": "No", "Destroy": "Drop", "Examine": "A fabled ring that improves the wearer's skill with a bow...", "Value": "10,000 coins", "High Level Alchemy": "6,000 coins", "Low Level Alchemy": "4,000 coins", "Weight": "0.004 kg"}, {"title": "Beacon ring - OSRS Wiki", "Released": "27 March 2007 (Update)", "Members": "Yes", "Quest items": "What Lies Below", "Items": "No", "Worn Equipment": "Yes", "Stackable items": "No", "Destroy": "You will need to get another ring from Zaff if you destroy this one.", "Examine": "A magical ring.", "Value": "0 coins", "High Level Alchemy": "0 coins", "Low Level Alchemy": "0 coins", "Weight": "0.006 kg"}, {"title": "Berserker ring - OSRS Wiki", "Released": "7 November 2005 (Update)", "Members": "Yes", "Quest items": "No", "Items": "Yes", "Worn Equipment": "Yes", "Stackable items": "No", "Note": "Yes", "Destroy": "Drop", "Examine": "A ring reputed to bring out a berserk fury in its wearer.", "Value": "10,000 coins", "High Level Alchemy": "6,000 coins", "Low Level Alchemy": "4,000 coins", "Weight": "0.004 kg", "RuneScape:Grand Exchange Market Watch": "1,854,305 coins (info)", "Grand Exchange": "4,411"}, {"title": "Berserker ring (i) - OSRS Wiki", "Released": "26 September 2013 (Update)", "Members": "Yes", "Quest items": "No", "Items": "No", "Worn Equipment": "Yes", "Stackable items": "No", "Destroy": "Drop", "Examine": "A ring reputed to bring out a berserk fury in its wearer.", "Value": "10,000 coins", "High Level Alchemy": "6,000 coins", "Low Level Alchemy": "4,000 coins", "Weight": "0.004 kg"}, {"title": "3rd age bow - OSRS Wiki", "Released": "12 June 2014 (Update)", "Members": "Yes", "Quest items": "No", "Items": "Yes", "Worn Equipment": "Yes", "Stackable items": "No", "Note": "Yes", "Destroy": "Drop", "Examine": "A beautifully crafted bow carved by ancient archers.", "Value": "150,000 coins", "High Level Alchemy": "90,000 coins", "Low Level Alchemy": "60,000 coins", "Weight": "3.175 kg", "RuneScape:Grand Exchange Market Watch": "904,041,997 coins (info)", "Grand Exchange": "4", "Twisted League": " Yes"}, {"title": "Abyssal bludgeon - OSRS Wiki", "Released": "1 October 2015 (Update)", "Members": "Yes", "Quest items": "No", "Items": "Yes", "Worn Equipment": "Yes", "Stackable items": "No", "Note": "Yes", "Destroy": "Drop", "Examine": "Elements of deceased Abyssal Sires have been fused together.", "Value": "260,000 coins", "High Level Alchemy": "156,000 coins", "Low Level Alchemy": "104,000 coins", "Weight": "6 kg", "RuneScape:Grand Exchange Market Watch": "26,634,269 coins (info)", "Grand Exchange": "1,689"}, {"title": "Adamant 2h sword - OSRS Wiki", "Released": "4 January 2001 (Update)", "Members": "No", "Quest items": "No", "Items": "Yes", "Worn Equipment": "Yes", "Stackable items": "No", "Note": "Yes", "Destroy": "Drop", "Examine": "A two handed sword.", "Value": "6,400 coins", "High Level Alchemy": "3,840 coins", "Low Level Alchemy": "2,560 coins", "Weight": "4.082 kg", "RuneScape:Grand Exchange Market Watch": "3,576 coins (info)", "Grand Exchange": "8,024", "Twisted League": " Yes"}, {"title": "Adamant claws - OSRS Wiki", "Released": "9 August 2004 (Update)", "Members": "Yes", "Quest items": "No", "Items": "Yes", "Worn Equipment": "Yes", "Stackable items": "No", "Note": "Yes", "Destroy": "Drop", "Examine": "A set of fighting claws.", "Value": "1,200 coins", "High Level Alchemy": "720 coins", "Low Level Alchemy": "480 coins", "Weight": "0.907 kg", "RuneScape:Grand Exchange Market Watch": "1,274 coins (info)", "Grand Exchange": "55"}, {"title": "Adamant halberd - OSRS Wiki", "Released": "20 September 2004 (Update)", "Members": "Yes", "Quest items": "No", "Items": "Yes", "Worn Equipment": "Yes", "Stackable items": "No", "Note": "Yes", "Destroy": "Drop", "Examine": "An adamant halberd.", "Value": "6,400 coins", "High Level Alchemy": "3,840 coins", "Low Level Alchemy": "2,560 coins", "Weight": "3.628 kg", "RuneScape:Grand Exchange Market Watch": "12,052 coins (info)", "Grand Exchange": "174"}]