[{"title": "'24-carat' sword", "members": "Free-to-play", "Stab attack": "-100", "Slash attack": "-100", "Crush attack": "-50", "Magic attack": "+0", "Ranged attack": "+0", "Stab defence": "+0", "Slash defence": "+0", "Crush defence": "+0", "Magic defence": "+0", "Ranged defence": "+0", "Strength": "-10", "Ranged Strength": "+0", "Magic Damage": "+0%", "Prayer": "+0", "Speed": "4"}, {"title": "3rd age axe", "members": "Members", "Stab attack": "-2", "Slash attack": "+38", "Crush attack": "+32", "Magic attack": "+0", "Ranged attack": "+0", "Stab defence": "+0", "Slash defence": "+1", "Crush defence": "+0", "Magic defence": "+0", "Ranged defence": "+0", "Strength": "+42", "Ranged Strength": "+0", "Magic Damage": "+0%", "Prayer": "+0", "Speed": "5"}, {"title": "3rd age druidic staff", "members": "Members", "Stab attack": "+7", "Slash attack": "-1", "Crush attack": "+25", "Magic attack": "+10", "Ranged attack": "+0", "Stab defence": "+2", "Slash defence": "+3", "Crush defence": "+1", "Magic defence": "+10", "Ranged defence": "+0", "Strength": "+32", "Ranged Strength": "+0", "Magic Damage": "+0%", "Prayer": "+6", "Speed": "5"}, {"title": "3rd age longsword", "members": "Members", "Stab attack": "+0", "Slash attack": "+72", "Crush attack": "+60", "Magic attack": "+0", "Ranged attack": "+0", "Stab defence": "+0", "Slash defence": "+3", "Crush defence": "+2", "Magic defence": "+0", "Ranged defence": "+0", "Strength": "+75", "Ranged Strength": "+0", "Magic Damage": "+0%", "Prayer": "+0", "Speed": "5"}, {"title": "3rd age pickaxe", "members": "Members", "Stab attack": "+38", "Slash attack": "-2", "Crush attack": "+32", "Magic attack": "+0", "Ranged attack": "+0", "Stab defence": "+0", "Slash defence": "+1", "Crush defence": "+0", "Magic defence": "+0", "Ranged defence": "+0", "Strength": "+42", "Ranged Strength": "+0", "Magic Damage": "+0%", "Prayer": "+0", "Speed": "5"}, {"title": "3rd age wand", "members": "Members", "Stab attack": "+0", "Slash attack": "+0", "Crush attack": "+0", "Magic attack": "+20", "Ranged attack": "+0", "Stab defence": "+0", "Slash defence": "+0", "Crush defence": "+0", "Magic defence": "+20", "Ranged defence": "+0", "Strength": "+0", "Ranged Strength": "+0", "Magic Damage": "+0%", "Prayer": "+0", "Speed": "4"}, {"title": "Abyssal dagger#(p)", "members": "Members", "Stab attack": "+75", "Slash attack": "+40", "Crush attack": "-4", "Magic attack": "+1", "Ranged attack": "+0", "Stab defence": "+0", "Slash defence": "+0", "Crush defence": "+0", "Magic defence": "+1", "Ranged defence": "+0", "Strength": "+75", "Ranged Strength": "+0", "Magic Damage": "+0%", "Prayer": "+0", "Speed": "4"}, {"title": "Abyssal dagger#(p+)", "members": "Members", "Stab attack": "+75", "Slash attack": "+40", "Crush attack": "-4", "Magic attack": "+1", "Ranged attack": "+0", "Stab defence": "+0", "Slash defence": "+0", "Crush defence": "+0", "Magic defence": "+1", "Ranged defence": "+0", "Strength": "+75", "Ranged Strength": "+0", "Magic Damage": "+0%", "Prayer": "+0", "Speed": "4"}, {"title": "Abyssal dagger#(p++)", "members": "Members", "Stab attack": "+75", "Slash attack": "+40", "Crush attack": "-4", "Magic attack": "+1", "Ranged attack": "+0", "Stab defence": "+0", "Slash defence": "+0", "Crush defence": "+0", "Magic defence": "+1", "Ranged defence": "+0", "Strength": "+75", "Ranged Strength": "+0", "Magic Damage": "+0%", "Prayer": "+0", "Speed": "4"}, {"title": "Abyssal dagger#(unp)", "members": "Members", "Stab attack": "+75", "Slash attack": "+40", "Crush attack": "-4", "Magic attack": "+1", "Ranged attack": "+0", "Stab defence": "+0", "Slash defence": "+0", "Crush defence": "+0", "Magic defence": "+1", "Ranged defence": "+0", "Strength": "+75", "Ranged Strength": "+0", "Magic Damage": "+0%", "Prayer": "+0", "Speed": "4"}]